{"stats":{"minecraft:mined":{"minecraft:short_grass":1,"minecraft:grass_block":1,"minecraft:warped_roots":1,"minecraft:dirt_path":6,"minecraft:warped_stem":2},"minecraft:used":{"minecraft:netherrack":5,"minecraft:diamond_shovel":8,"minecraft:ender_pearl":1,"minecraft:diamond_axe":3,"minecraft:totem_of_undying":1},"minecraft:picked_up":{"minecraft:warped_stem":2,"minecraft:dirt":6},"minecraft:custom":{"minecraft:time_since_rest":3724,"minecraft:crouch_one_cm":872,"minecraft:play_time":3724,"minecraft:sprint_one_cm":9873,"minecraft:damage_taken":164,"minecraft:walk_one_cm":5263,"minecraft:sneak_time":185,"minecraft:jump":142,"minecraft:leave_game":1,"minecraft:time_since_death":3724,"minecraft:total_world_time":3724,"minecraft:fall_one_cm":5635,"minecraft:fly_one_cm":32136}},"DataVersion":3955}