{"stats":{"minecraft:used":{"minecraft:wheat_seeds":29,"minecraft:diamond_sword":3,"minecraft:bread":4,"minecraft:totem_of_undying":1,"minecraft:diamond_axe":1},"minecraft:picked_up":{"minecraft:arrow":1,"minecraft:bone":1,"minecraft:poppy":1,"minecraft:spider_eye":1},"minecraft:custom":{"minecraft:time_since_rest":2877,"minecraft:play_time":2877,"minecraft:sprint_one_cm":9058,"minecraft:walk_one_cm":7845,"minecraft:damage_taken":427,"minecraft:damage_absorbed":31,"minecraft:mob_kills":2,"minecraft:jump":139,"minecraft:damage_dealt":330,"minecraft:leave_game":1,"minecraft:time_since_death":2877,"minecraft:total_world_time":2877,"minecraft:fall_one_cm":4894,"minecraft:talked_to_villager":4,"minecraft:fly_one_cm":28901},"minecraft:killed":{"minecraft:spider":1,"minecraft:skeleton":1}},"DataVersion":3955}