{"minecraft:recipes/combat/iron_sword":{"criteria":{"has_iron_ingot":"2024-10-10 19:18:12 -0500"},"done":true},"minecraft:recipes/tools/iron_pickaxe":{"criteria":{"has_iron_ingot":"2024-10-10 19:18:12 -0500"},"done":true},"minecraft:recipes/combat/leather_helmet":{"criteria":{"has_leather":"2024-10-10 19:18:12 -0500"},"done":true},"minecraft:recipes/decorations/ladder":{"criteria":{"has_stick":"2024-10-10 19:18:12 -0500"},"done":true},"minecraft:recipes/combat/iron_leggings":{"criteria":{"has_iron_ingot":"2024-10-10 19:18:12 -0500"},"done":true},"minecraft:recipes/combat/shield":{"criteria":{"has_iron_ingot":"2024-10-10 19:18:12 -0500"},"done":true},"minecraft:recipes/redstone/hopper":{"criteria":{"has_iron_ingot":"2024-10-10 19:18:12 -0500"},"done":true},"minecraft:recipes/combat/leather_leggings":{"criteria":{"has_leather":"2024-10-10 19:18:12 -0500"},"done":true},"minecraft:recipes/decorations/iron_bars":{"criteria":{"has_iron_ingot":"2024-10-10 19:18:12 -0500"},"done":true},"minecraft:story/lava_bucket":{"criteria":{"lava_bucket":"2024-10-10 19:18:12 -0500"},"done":true},"minecraft:recipes/misc/iron_nugget_from_smelting":{"criteria":{"has_iron_pickaxe":"2024-10-10 19:18:12 -0500"},"done":true},"minecraft:recipes/food/cooked_mutton_from_smoking":{"criteria":{"has_mutton":"2024-10-10 19:18:12 -0500"},"done":true},"minecraft:recipes/misc/blue_dye":{"criteria":{"has_lapis_lazuli":"2024-10-10 19:18:12 -0500"},"done":true},"minecraft:recipes/combat/iron_boots":{"criteria":{"has_iron_ingot":"2024-10-10 19:18:12 -0500"},"done":true},"minecraft:story/iron_tools":{"criteria":{"iron_pickaxe":"2024-10-10 19:18:12 -0500"},"done":true},"minecraft:recipes/combat/iron_chestplate":{"criteria":{"has_iron_ingot":"2024-10-10 19:18:12 -0500"},"done":true},"minecraft:recipes/building_blocks/lapis_block":{"criteria":{"has_lapis_lazuli":"2024-10-10 19:18:12 -0500"},"done":true},"minecraft:recipes/decorations/lantern":{"criteria":{"has_iron_ingot":"2024-10-10 19:18:12 -0500"},"done":true},"minecraft:recipes/food/cooked_mutton":{"criteria":{"has_mutton":"2024-10-10 19:18:12 -0500"},"done":true},"minecraft:recipes/decorations/campfire":{"criteria":{"has_stick":"2024-10-10 19:18:12 -0500"},"done":true},"minecraft:recipes/misc/iron_nugget":{"criteria":{"has_iron_ingot":"2024-10-10 19:18:12 -0500"},"done":true},"minecraft:recipes/tools/wooden_hoe":{"criteria":{"has_stick":"2024-10-10 19:18:12 -0500"},"done":true},"minecraft:recipes/misc/bucket":{"criteria":{"has_iron_ingot":"2024-10-10 19:18:12 -0500"},"done":true},"minecraft:recipes/combat/iron_helmet":{"criteria":{"has_iron_ingot":"2024-10-10 19:18:12 -0500"},"done":true},"minecraft:recipes/transportation/minecart":{"criteria":{"has_iron_ingot":"2024-10-10 19:18:12 -0500"},"done":true},"minecraft:recipes/tools/iron_hoe":{"criteria":{"has_iron_ingot":"2024-10-10 19:18:12 -0500"},"done":true},"minecraft:recipes/tools/wooden_pickaxe":{"criteria":{"has_stick":"2024-10-10 19:18:12 -0500"},"done":true},"minecraft:recipes/tools/iron_shovel":{"criteria":{"has_iron_ingot":"2024-10-10 19:18:12 -0500"},"done":true},"minecraft:recipes/decorations/item_frame":{"criteria":{"has_leather":"2024-10-10 19:18:12 -0500"},"done":true},"minecraft:recipes/tools/wooden_axe":{"criteria":{"has_stick":"2024-10-10 19:18:12 -0500"},"done":true},"minecraft:recipes/combat/leather_chestplate":{"criteria":{"has_leather":"2024-10-10 19:18:12 -0500"},"done":true},"minecraft:story/smelt_iron":{"criteria":{"iron":"2024-10-10 19:18:12 -0500"},"done":true},"minecraft:recipes/food/cooked_mutton_from_campfire_cooking":{"criteria":{"has_mutton":"2024-10-10 19:18:12 -0500"},"done":true},"minecraft:recipes/decorations/crafting_table":{"criteria":{"unlock_right_away":"2024-10-10 19:18:12 -0500"},"done":true},"minecraft:recipes/decorations/chest":{"criteria":{"has_lots_of_items":"2024-10-10 19:18:12 -0500"},"done":true},"minecraft:story/shiny_gear":{"criteria":{"diamond_helmet":"2024-10-10 19:18:12 -0500"},"done":true},"minecraft:recipes/tools/wooden_shovel":{"criteria":{"has_stick":"2024-10-10 19:18:12 -0500"},"done":true},"minecraft:recipes/tools/shears":{"criteria":{"has_iron_ingot":"2024-10-10 19:18:12 -0500"},"done":true},"minecraft:recipes/building_blocks/emerald_block":{"criteria":{"has_emerald":"2024-10-10 19:18:12 -0500"},"done":true},"minecraft:recipes/redstone/iron_trapdoor":{"criteria":{"has_iron_ingot":"2024-10-10 19:18:12 -0500"},"done":true},"minecraft:recipes/decorations/chain":{"criteria":{"has_iron_ingot":"2024-10-10 19:18:12 -0500"},"done":true},"minecraft:recipes/building_blocks/iron_block":{"criteria":{"has_iron_ingot":"2024-10-10 19:18:12 -0500"},"done":true},"minecraft:recipes/combat/wooden_sword":{"criteria":{"has_stick":"2024-10-10 19:18:12 -0500"},"done":true},"minecraft:recipes/tools/iron_axe":{"criteria":{"has_iron_ingot":"2024-10-10 19:18:12 -0500"},"done":true},"minecraft:recipes/combat/crossbow":{"criteria":{"has_iron_ingot":"2024-10-10 19:18:12 -0500"},"done":true},"minecraft:recipes/misc/iron_nugget_from_blasting":{"criteria":{"has_iron_pickaxe":"2024-10-10 19:18:12 -0500"},"done":true},"minecraft:recipes/decorations/smithing_table":{"criteria":{"has_iron_ingot":"2024-10-10 19:18:12 -0500"},"done":true},"minecraft:recipes/combat/leather_boots":{"criteria":{"has_leather":"2024-10-10 19:18:12 -0500"},"done":true},"minecraft:recipes/misc/leather_horse_armor":{"criteria":{"has_leather":"2024-10-10 19:18:12 -0500"},"done":true},"minecraft:recipes/redstone/iron_door":{"criteria":{"has_iron_ingot":"2024-10-10 19:18:12 -0500"},"done":true},"minecraft:recipes/redstone/heavy_weighted_pressure_plate":{"criteria":{"has_iron_ingot":"2024-10-10 19:18:12 -0500"},"done":true},"minecraft:adventure/adventuring_time":{"criteria":{"minecraft:plains":"2024-10-10 19:18:14 -0500"},"done":false},"minecraft:recipes/building_blocks/spruce_planks":{"criteria":{"has_logs":"2024-10-10 19:19:07 -0500"},"done":true},"minecraft:recipes/misc/charcoal":{"criteria":{"has_log":"2024-10-10 19:19:07 -0500"},"done":true},"minecraft:recipes/building_blocks/spruce_wood":{"criteria":{"has_log":"2024-10-10 19:19:07 -0500"},"done":true},"minecraft:recipes/transportation/mangrove_boat":{"criteria":{"in_water":"2024-10-10 19:20:49 -0500"},"done":true},"minecraft:recipes/transportation/acacia_boat":{"criteria":{"in_water":"2024-10-10 19:20:49 -0500"},"done":true},"minecraft:recipes/transportation/cherry_boat":{"criteria":{"in_water":"2024-10-10 19:20:49 -0500"},"done":true},"minecraft:recipes/transportation/bamboo_raft":{"criteria":{"in_water":"2024-10-10 19:20:49 -0500"},"done":true},"minecraft:recipes/transportation/spruce_boat":{"criteria":{"in_water":"2024-10-10 19:20:49 -0500"},"done":true},"minecraft:recipes/transportation/birch_boat":{"criteria":{"in_water":"2024-10-10 19:20:49 -0500"},"done":true},"minecraft:recipes/transportation/oak_boat":{"criteria":{"in_water":"2024-10-10 19:20:49 -0500"},"done":true},"minecraft:recipes/transportation/jungle_boat":{"criteria":{"in_water":"2024-10-10 19:20:49 -0500"},"done":true},"minecraft:recipes/transportation/dark_oak_boat":{"criteria":{"in_water":"2024-10-10 19:20:49 -0500"},"done":true},"minecraft:adventure/trade":{"criteria":{"traded":"2024-10-10 19:23:22 -0500"},"done":true},"minecraft:recipes/building_blocks/bookshelf":{"criteria":{"has_book":"2024-10-10 19:23:26 -0500"},"done":true},"minecraft:recipes/redstone/lectern":{"criteria":{"has_book":"2024-10-10 19:23:26 -0500"},"done":true},"minecraft:recipes/building_blocks/chiseled_bookshelf":{"criteria":{"has_book":"2024-10-10 19:23:26 -0500"},"done":true},"minecraft:recipes/misc/writable_book":{"criteria":{"has_book":"2024-10-10 19:23:26 -0500"},"done":true},"minecraft:husbandry/balanced_diet":{"criteria":{"golden_apple":"2024-10-10 19:50:24 -0500","rotten_flesh":"2024-10-10 19:51:04 -0500","cooked_mutton":"2024-10-10 19:53:43 -0500","cooked_beef":"2024-10-10 19:24:24 -0500"},"done":false},"minecraft:husbandry/root":{"criteria":{"consumed_item":"2024-10-10 19:24:24 -0500"},"done":true},"minecraft:adventure/root":{"criteria":{"killed_something":"2024-10-10 19:25:42 -0500"},"done":true},"minecraft:adventure/kill_all_mobs":{"criteria":{"minecraft:skeleton":"2024-10-10 19:26:02 -0500","minecraft:spider":"2024-10-10 19:30:39 -0500","minecraft:zombie":"2024-10-10 19:25:42 -0500","minecraft:creeper":"2024-10-10 19:32:22 -0500","minecraft:zombie_villager":"2024-10-10 19:49:44 -0500"},"done":false},"minecraft:adventure/kill_a_mob":{"criteria":{"minecraft:zombie":"2024-10-10 19:25:42 -0500"},"done":true},"minecraft:story/deflect_arrow":{"criteria":{"deflected_projectile":"2024-10-10 19:25:49 -0500"},"done":true},"minecraft:recipes/misc/sugar_from_sugar_cane":{"criteria":{"has_sugar_cane":"2024-10-10 19:26:01 -0500"},"done":true},"minecraft:recipes/misc/paper":{"criteria":{"has_reeds":"2024-10-10 19:26:01 -0500"},"done":true},"minecraft:recipes/redstone/lever":{"criteria":{"has_cobblestone":"2024-10-10 19:55:36 -0500"},"done":true},"minecraft:recipes/building_blocks/stone_bricks":{"criteria":{"has_stone":"2024-10-10 19:56:04 -0500"},"done":true},"minecraft:recipes/redstone/spruce_button":{"criteria":{"has_planks":"2024-10-10 19:30:29 -0500"},"done":true},"minecraft:recipes/building_blocks/stone_brick_slab_from_stone_stonecutting":{"criteria":{"has_stone":"2024-10-10 19:56:04 -0500"},"done":true},"minecraft:recipes/combat/diamond_leggings":{"criteria":{"has_diamond":"2024-10-10 19:30:21 -0500"},"done":true},"minecraft:recipes/building_blocks/stone_brick_stairs_from_stone_stonecutting":{"criteria":{"has_stone":"2024-10-10 19:56:04 -0500"},"done":true},"minecraft:recipes/redstone/spruce_pressure_plate":{"criteria":{"has_planks":"2024-10-10 19:30:29 -0500"},"done":true},"minecraft:recipes/combat/stone_sword":{"criteria":{"has_cobblestone":"2024-10-10 19:55:36 -0500"},"done":true},"minecraft:recipes/decorations/cobblestone_wall":{"criteria":{"has_cobblestone":"2024-10-10 19:55:36 -0500"},"done":true},"minecraft:recipes/brewing/fermented_spider_eye":{"criteria":{"has_spider_eye":"2024-10-10 19:34:14 -0500"},"done":true},"minecraft:recipes/tools/stone_pickaxe":{"criteria":{"has_cobblestone":"2024-10-10 19:55:36 -0500"},"done":true},"minecraft:recipes/tools/stone_axe":{"criteria":{"has_cobblestone":"2024-10-10 19:55:36 -0500"},"done":true},"minecraft:recipes/building_blocks/stone_slab_from_stone_stonecutting":{"criteria":{"has_stone":"2024-10-10 19:56:04 -0500"},"done":true},"minecraft:recipes/combat/diamond_sword":{"criteria":{"has_diamond":"2024-10-10 19:30:21 -0500"},"done":true},"minecraft:recipes/decorations/jukebox":{"criteria":{"has_diamond":"2024-10-10 19:30:21 -0500"},"done":true},"minecraft:recipes/combat/diamond_chestplate":{"criteria":{"has_diamond":"2024-10-10 19:30:21 -0500"},"done":true},"minecraft:story/mine_stone":{"criteria":{"get_stone":"2024-10-10 19:55:36 -0500"},"done":true},"minecraft:recipes/decorations/furnace":{"criteria":{"has_cobblestone":"2024-10-10 19:55:36 -0500"},"done":true},"minecraft:recipes/combat/diamond_helmet":{"criteria":{"has_diamond":"2024-10-10 19:30:21 -0500"},"done":true},"minecraft:recipes/decorations/spruce_sign":{"criteria":{"has_planks":"2024-10-10 19:30:29 -0500"},"done":true},"minecraft:recipes/building_blocks/stone_bricks_from_stone_stonecutting":{"criteria":{"has_stone":"2024-10-10 19:56:04 -0500"},"done":true},"minecraft:recipes/building_blocks/stone_slab":{"criteria":{"has_stone":"2024-10-10 19:56:04 -0500"},"done":true},"minecraft:recipes/redstone/spruce_trapdoor":{"criteria":{"has_planks":"2024-10-10 19:30:29 -0500"},"done":true},"minecraft:recipes/redstone/spruce_door":{"criteria":{"has_planks":"2024-10-10 19:30:29 -0500"},"done":true},"minecraft:recipes/redstone/spruce_fence_gate":{"criteria":{"has_planks":"2024-10-10 19:30:29 -0500"},"done":true},"minecraft:recipes/building_blocks/chiseled_stone_bricks_stone_from_stonecutting":{"criteria":{"has_stone":"2024-10-10 19:56:04 -0500"},"done":true},"minecraft:recipes/misc/stick":{"criteria":{"has_planks":"2024-10-10 19:30:29 -0500"},"done":true},"minecraft:recipes/redstone/dispenser":{"criteria":{"has_bow":"2024-10-10 19:32:49 -0500"},"done":true},"minecraft:recipes/building_blocks/cobblestone_slab":{"criteria":{"has_cobblestone":"2024-10-10 19:55:36 -0500"},"done":true},"minecraft:recipes/building_blocks/stone_stairs_from_stone_stonecutting":{"criteria":{"has_stone":"2024-10-10 19:56:04 -0500"},"done":true},"minecraft:adventure/sleep_in_bed":{"criteria":{"slept_in_bed":"2024-10-10 19:51:42 -0500"},"done":true},"minecraft:recipes/building_blocks/cobblestone_slab_from_cobblestone_stonecutting":{"criteria":{"has_cobblestone":"2024-10-10 19:55:36 -0500"},"done":true},"minecraft:recipes/tools/diamond_pickaxe":{"criteria":{"has_diamond":"2024-10-10 19:30:21 -0500"},"done":true},"minecraft:recipes/misc/bone_meal":{"criteria":{"has_bone":"2024-10-10 19:32:42 -0500"},"done":true},"minecraft:recipes/redstone/stone_button":{"criteria":{"has_stone":"2024-10-10 19:56:04 -0500"},"done":true},"minecraft:recipes/building_blocks/stone":{"criteria":{"has_cobblestone":"2024-10-10 19:55:36 -0500"},"done":true},"minecraft:recipes/decorations/stonecutter":{"criteria":{"has_stone":"2024-10-10 19:56:04 -0500"},"done":true},"minecraft:recipes/decorations/barrel":{"criteria":{"has_planks":"2024-10-10 19:30:29 -0500"},"done":true},"minecraft:recipes/redstone/stone_pressure_plate":{"criteria":{"has_stone":"2024-10-10 19:56:04 -0500"},"done":true},"minecraft:recipes/decorations/cobblestone_wall_from_cobblestone_stonecutting":{"criteria":{"has_cobblestone":"2024-10-10 19:55:36 -0500"},"done":true},"minecraft:recipes/decorations/grindstone":{"criteria":{"has_stone_slab":"2024-10-10 19:39:51 -0500"},"done":true},"minecraft:recipes/building_blocks/diamond_block":{"criteria":{"has_diamond":"2024-10-10 19:30:21 -0500"},"done":true},"minecraft:recipes/building_blocks/cobblestone_stairs_from_cobblestone_stonecutting":{"criteria":{"has_cobblestone":"2024-10-10 19:55:36 -0500"},"done":true},"minecraft:recipes/building_blocks/smooth_stone":{"criteria":{"has_stone":"2024-10-10 19:56:04 -0500"},"done":true},"minecraft:recipes/misc/firework_rocket_simple":{"criteria":{"has_gunpowder":"2024-10-10 19:34:22 -0500"},"done":true},"minecraft:recipes/building_blocks/cobblestone_stairs":{"criteria":{"has_cobblestone":"2024-10-10 19:55:36 -0500"},"done":true},"minecraft:recipes/redstone/tnt":{"criteria":{"has_gunpowder":"2024-10-10 19:34:22 -0500"},"done":true},"minecraft:recipes/tools/stone_hoe":{"criteria":{"has_cobblestone":"2024-10-10 19:55:36 -0500"},"done":true},"minecraft:recipes/decorations/spruce_fence":{"criteria":{"has_planks":"2024-10-10 19:30:29 -0500"},"done":true},"minecraft:recipes/tools/diamond_hoe":{"criteria":{"has_diamond":"2024-10-10 19:30:21 -0500"},"done":true},"minecraft:recipes/tools/diamond_shovel":{"criteria":{"has_diamond":"2024-10-10 19:30:21 -0500"},"done":true},"minecraft:recipes/building_blocks/spruce_stairs":{"criteria":{"has_planks":"2024-10-10 19:30:29 -0500"},"done":true},"minecraft:story/mine_diamond":{"criteria":{"diamond":"2024-10-10 19:30:21 -0500"},"done":true},"minecraft:recipes/tools/diamond_axe":{"criteria":{"has_diamond":"2024-10-10 19:30:21 -0500"},"done":true},"minecraft:recipes/misc/nether_brick":{"criteria":{"has_netherrack":"2024-10-10 19:40:33 -0500"},"done":true},"minecraft:recipes/tools/stone_shovel":{"criteria":{"has_cobblestone":"2024-10-10 19:55:36 -0500"},"done":true},"minecraft:recipes/building_blocks/spruce_slab":{"criteria":{"has_planks":"2024-10-10 19:30:29 -0500"},"done":true},"minecraft:recipes/decorations/stone_brick_walls_from_stone_stonecutting":{"criteria":{"has_stone":"2024-10-10 19:56:04 -0500"},"done":true},"minecraft:recipes/building_blocks/stone_stairs":{"criteria":{"has_stone":"2024-10-10 19:56:04 -0500"},"done":true},"minecraft:recipes/combat/diamond_boots":{"criteria":{"has_diamond":"2024-10-10 19:30:21 -0500"},"done":true},"DataVersion":3955}