{"minecraft:recipes/decorations/crafting_table":{"criteria":{"unlock_right_away":"2024-10-11 20:28:07 +0000"},"done":true},"minecraft:adventure/adventuring_time":{"criteria":{"minecraft:flower_forest":"2024-10-11 20:33:14 +0000","minecraft:beach":"2024-10-11 20:33:36 +0000","minecraft:forest":"2024-10-11 20:28:08 +0000","minecraft:mangrove_swamp":"2024-10-12 19:16:40 +0000","minecraft:sparse_jungle":"2024-10-12 05:59:45 +0000","minecraft:deep_ocean":"2024-10-12 05:55:32 +0000","minecraft:river":"2024-10-12 03:58:38 +0000","minecraft:stony_shore":"2024-10-12 05:54:54 +0000","minecraft:dripstone_caves":"2024-10-12 04:01:30 +0000","minecraft:old_growth_birch_forest":"2024-10-12 05:59:46 +0000","minecraft:ocean":"2024-10-12 05:55:11 +0000","minecraft:birch_forest":"2024-10-11 20:35:19 +0000","minecraft:savanna":"2024-10-12 03:58:13 +0000","minecraft:windswept_savanna":"2024-10-12 06:04:24 +0000","minecraft:plains":"2024-10-11 20:29:50 +0000"},"done":false},"minecraft:recipes/misc/charcoal":{"criteria":{"has_log":"2024-10-11 20:29:57 +0000"},"done":true},"minecraft:recipes/building_blocks/oak_planks":{"criteria":{"has_logs":"2024-10-11 20:29:57 +0000"},"done":true},"minecraft:recipes/building_blocks/oak_wood":{"criteria":{"has_log":"2024-10-11 20:29:57 +0000"},"done":true},"minecraft:recipes/building_blocks/oak_slab":{"criteria":{"has_planks":"2024-10-11 20:30:16 +0000"},"done":true},"minecraft:recipes/decorations/oak_sign":{"criteria":{"has_planks":"2024-10-11 20:30:16 +0000"},"done":true},"minecraft:recipes/redstone/oak_trapdoor":{"criteria":{"has_planks":"2024-10-11 20:30:16 +0000"},"done":true},"minecraft:recipes/redstone/oak_fence_gate":{"criteria":{"has_planks":"2024-10-11 20:30:16 +0000"},"done":true},"minecraft:recipes/redstone/oak_pressure_plate":{"criteria":{"has_planks":"2024-10-11 20:30:16 +0000"},"done":true},"minecraft:recipes/redstone/oak_door":{"criteria":{"has_planks":"2024-10-11 20:30:16 +0000"},"done":true},"minecraft:recipes/misc/stick":{"criteria":{"has_planks":"2024-10-11 20:30:16 +0000"},"done":true},"minecraft:recipes/building_blocks/oak_stairs":{"criteria":{"has_planks":"2024-10-11 20:30:16 +0000"},"done":true},"minecraft:recipes/decorations/oak_fence":{"criteria":{"has_planks":"2024-10-11 20:30:16 +0000"},"done":true},"minecraft:recipes/decorations/barrel":{"criteria":{"has_planks":"2024-10-11 20:30:16 +0000"},"done":true},"minecraft:recipes/redstone/oak_button":{"criteria":{"has_planks":"2024-10-11 20:30:16 +0000"},"done":true},"minecraft:recipes/decorations/ladder":{"criteria":{"has_stick":"2024-10-11 20:30:20 +0000"},"done":true},"minecraft:recipes/decorations/campfire":{"criteria":{"has_stick":"2024-10-11 20:30:20 +0000"},"done":true},"minecraft:recipes/tools/wooden_hoe":{"criteria":{"has_stick":"2024-10-11 20:30:20 +0000"},"done":true},"minecraft:recipes/tools/wooden_pickaxe":{"criteria":{"has_stick":"2024-10-11 20:30:20 +0000"},"done":true},"minecraft:recipes/tools/wooden_axe":{"criteria":{"has_stick":"2024-10-11 20:30:20 +0000"},"done":true},"minecraft:recipes/tools/wooden_shovel":{"criteria":{"has_stick":"2024-10-11 20:30:20 +0000"},"done":true},"minecraft:recipes/combat/wooden_sword":{"criteria":{"has_stick":"2024-10-11 20:30:20 +0000"},"done":true},"minecraft:story/root":{"criteria":{"crafting_table":"2024-10-11 20:30:20 +0000"},"done":true},"minecraft:recipes/redstone/lever":{"criteria":{"has_cobblestone":"2024-10-11 20:31:07 +0000"},"done":true},"minecraft:recipes/combat/stone_sword":{"criteria":{"has_cobblestone":"2024-10-11 20:31:07 +0000"},"done":true},"minecraft:recipes/decorations/cobblestone_wall":{"criteria":{"has_cobblestone":"2024-10-11 20:31:07 +0000"},"done":true},"minecraft:recipes/tools/stone_pickaxe":{"criteria":{"has_cobblestone":"2024-10-11 20:31:07 +0000"},"done":true},"minecraft:recipes/tools/stone_axe":{"criteria":{"has_cobblestone":"2024-10-11 20:31:07 +0000"},"done":true},"minecraft:story/mine_stone":{"criteria":{"get_stone":"2024-10-11 20:31:07 +0000"},"done":true},"minecraft:recipes/decorations/furnace":{"criteria":{"has_cobblestone":"2024-10-11 20:31:07 +0000"},"done":true},"minecraft:recipes/building_blocks/cobblestone_slab":{"criteria":{"has_cobblestone":"2024-10-11 20:31:07 +0000"},"done":true},"minecraft:recipes/building_blocks/cobblestone_slab_from_cobblestone_stonecutting":{"criteria":{"has_cobblestone":"2024-10-11 20:31:07 +0000"},"done":true},"minecraft:recipes/building_blocks/stone":{"criteria":{"has_cobblestone":"2024-10-11 20:31:07 +0000"},"done":true},"minecraft:recipes/decorations/cobblestone_wall_from_cobblestone_stonecutting":{"criteria":{"has_cobblestone":"2024-10-11 20:31:07 +0000"},"done":true},"minecraft:recipes/building_blocks/cobblestone_stairs_from_cobblestone_stonecutting":{"criteria":{"has_cobblestone":"2024-10-11 20:31:07 +0000"},"done":true},"minecraft:recipes/building_blocks/cobblestone_stairs":{"criteria":{"has_cobblestone":"2024-10-11 20:31:07 +0000"},"done":true},"minecraft:recipes/tools/stone_hoe":{"criteria":{"has_cobblestone":"2024-10-11 20:31:07 +0000"},"done":true},"minecraft:recipes/tools/stone_shovel":{"criteria":{"has_cobblestone":"2024-10-11 20:31:07 +0000"},"done":true},"minecraft:recipes/decorations/torch":{"criteria":{"has_stone_pickaxe":"2024-10-11 20:31:35 +0000"},"done":true},"minecraft:story/upgrade_tools":{"criteria":{"stone_pickaxe":"2024-10-11 20:31:35 +0000"},"done":true},"minecraft:recipes/misc/iron_ingot_from_smelting_raw_iron":{"criteria":{"has_raw_iron":"2024-10-11 20:32:09 +0000"},"done":true},"minecraft:recipes/building_blocks/raw_iron_block":{"criteria":{"has_raw_iron":"2024-10-11 20:32:09 +0000"},"done":true},"minecraft:recipes/misc/iron_ingot_from_blasting_raw_iron":{"criteria":{"has_raw_iron":"2024-10-11 20:32:09 +0000"},"done":true},"minecraft:recipes/decorations/chest":{"criteria":{"has_lots_of_items":"2024-10-11 20:32:17 +0000"},"done":true},"minecraft:recipes/building_blocks/coal_block":{"criteria":{"has_coal":"2024-10-11 20:32:17 +0000"},"done":true},"minecraft:adventure/root":{"criteria":{"killed_something":"2024-10-11 20:32:59 +0000"},"done":true},"minecraft:recipes/food/cooked_chicken_from_campfire_cooking":{"criteria":{"has_chicken":"2024-10-11 20:33:00 +0000"},"done":true},"minecraft:recipes/food/cooked_chicken":{"criteria":{"has_chicken":"2024-10-11 20:33:00 +0000"},"done":true},"minecraft:recipes/food/cooked_chicken_from_smoking":{"criteria":{"has_chicken":"2024-10-11 20:33:00 +0000"},"done":true},"minecraft:recipes/combat/arrow":{"criteria":{"has_feather":"2024-10-11 20:33:08 +0000"},"done":true},"minecraft:husbandry/balanced_diet":{"criteria":{"cooked_porkchop":"2024-10-11 20:39:53 +0000","apple":"2024-10-12 05:58:36 +0000","golden_apple":"2024-10-12 05:40:56 +0000","bread":"2024-10-12 03:32:42 +0000","cooked_chicken":"2024-10-11 20:35:40 +0000","honey_bottle":"2024-10-12 05:50:49 +0000","rotten_flesh":"2024-10-11 20:33:18 +0000","enchanted_golden_apple":"2024-10-12 05:45:53 +0000","cooked_beef":"2024-10-11 20:43:01 +0000","baked_potato":"2024-10-12 05:17:48 +0000","porkchop":"2024-10-12 05:55:00 +0000","golden_carrot":"2024-10-12 05:27:40 +0000"},"done":false},"minecraft:husbandry/root":{"criteria":{"consumed_item":"2024-10-11 20:33:18 +0000"},"done":true},"minecraft:recipes/misc/sugar_from_sugar_cane":{"criteria":{"has_sugar_cane":"2024-10-11 20:33:38 +0000"},"done":true},"minecraft:recipes/misc/paper":{"criteria":{"has_reeds":"2024-10-11 20:33:38 +0000"},"done":true},"minecraft:recipes/transportation/mangrove_boat":{"criteria":{"in_water":"2024-10-11 20:33:39 +0000"},"done":true},"minecraft:recipes/transportation/acacia_boat":{"criteria":{"in_water":"2024-10-11 20:33:39 +0000"},"done":true},"minecraft:recipes/transportation/cherry_boat":{"criteria":{"in_water":"2024-10-11 20:33:39 +0000"},"done":true},"minecraft:recipes/transportation/bamboo_raft":{"criteria":{"in_water":"2024-10-11 20:33:39 +0000"},"done":true},"minecraft:recipes/transportation/spruce_boat":{"criteria":{"in_water":"2024-10-11 20:33:39 +0000"},"done":true},"minecraft:recipes/transportation/birch_boat":{"criteria":{"in_water":"2024-10-11 20:33:39 +0000"},"done":true},"minecraft:recipes/transportation/oak_boat":{"criteria":{"in_water":"2024-10-11 20:33:39 +0000"},"done":true},"minecraft:recipes/transportation/jungle_boat":{"criteria":{"in_water":"2024-10-11 20:33:39 +0000"},"done":true},"minecraft:recipes/transportation/dark_oak_boat":{"criteria":{"in_water":"2024-10-11 20:33:39 +0000"},"done":true},"minecraft:recipes/decorations/smoker":{"criteria":{"has_furnace":"2024-10-11 20:35:23 +0000"},"done":true},"minecraft:recipes/food/cooked_porkchop":{"criteria":{"has_porkchop":"2024-10-11 20:35:33 +0000"},"done":true},"minecraft:recipes/food/cooked_porkchop_from_campfire_cooking":{"criteria":{"has_porkchop":"2024-10-11 20:35:33 +0000"},"done":true},"minecraft:recipes/food/cooked_porkchop_from_smoking":{"criteria":{"has_porkchop":"2024-10-11 20:35:33 +0000"},"done":true},"minecraft:recipes/food/cooked_beef_from_smoking":{"criteria":{"has_beef":"2024-10-11 20:37:46 +0000"},"done":true},"minecraft:recipes/food/cooked_beef":{"criteria":{"has_beef":"2024-10-11 20:37:46 +0000"},"done":true},"minecraft:recipes/food/cooked_beef_from_campfire_cooking":{"criteria":{"has_beef":"2024-10-11 20:37:46 +0000"},"done":true},"minecraft:adventure/kill_all_mobs":{"criteria":{"minecraft:pillager":"2024-10-12 05:35:55 +0000","minecraft:blaze":"2024-10-13 01:34:46 +0000","minecraft:skeleton":"2024-10-11 20:41:06 +0000","minecraft:phantom":"2024-10-12 03:29:16 +0000","minecraft:zombified_piglin":"2024-10-13 01:26:33 +0000","minecraft:wither_skeleton":"2024-10-13 01:34:28 +0000","minecraft:piglin":"2024-10-12 20:03:07 +0000","minecraft:breeze":"2024-10-12 05:15:14 +0000","minecraft:vindicator":"2024-10-12 05:36:55 +0000","minecraft:spider":"2024-10-11 20:43:02 +0000","minecraft:vex":"2024-10-12 05:46:29 +0000","minecraft:zombie":"2024-10-11 20:40:00 +0000","minecraft:creeper":"2024-10-12 19:45:01 +0000","minecraft:slime":"2024-10-12 05:27:32 +0000","minecraft:evoker":"2024-10-12 05:49:10 +0000"},"done":false},"minecraft:adventure/kill_a_mob":{"criteria":{"minecraft:zombie":"2024-10-11 20:40:00 +0000"},"done":true},"minecraft:recipes/combat/leather_helmet":{"criteria":{"has_leather":"2024-10-11 20:40:49 +0000"},"done":true},"minecraft:recipes/combat/leather_leggings":{"criteria":{"has_leather":"2024-10-11 20:40:49 +0000"},"done":true},"minecraft:recipes/decorations/item_frame":{"criteria":{"has_leather":"2024-10-11 20:40:49 +0000"},"done":true},"minecraft:recipes/combat/leather_chestplate":{"criteria":{"has_leather":"2024-10-11 20:40:49 +0000"},"done":true},"minecraft:recipes/combat/leather_boots":{"criteria":{"has_leather":"2024-10-11 20:40:49 +0000"},"done":true},"minecraft:recipes/misc/leather_horse_armor":{"criteria":{"has_leather":"2024-10-11 20:40:49 +0000"},"done":true},"minecraft:recipes/misc/bone_meal":{"criteria":{"has_bone":"2024-10-11 20:41:07 +0000"},"done":true},"minecraft:recipes/building_blocks/birch_planks":{"criteria":{"has_logs":"2024-10-12 03:26:49 +0000"},"done":true},"minecraft:recipes/building_blocks/birch_wood":{"criteria":{"has_log":"2024-10-12 03:26:49 +0000"},"done":true},"minecraft:adventure/sleep_in_bed":{"criteria":{"slept_in_bed":"2024-10-12 03:27:39 +0000"},"done":true},"minecraft:recipes/food/bread":{"criteria":{"has_wheat":"2024-10-12 03:29:50 +0000"},"done":true},"minecraft:recipes/building_blocks/hay_block":{"criteria":{"has_wheat":"2024-10-12 03:29:50 +0000"},"done":true},"minecraft:recipes/redstone/birch_button":{"criteria":{"has_planks":"2024-10-12 03:30:37 +0000"},"done":true},"minecraft:recipes/redstone/birch_door":{"criteria":{"has_planks":"2024-10-12 03:30:37 +0000"},"done":true},"minecraft:recipes/decorations/birch_fence":{"criteria":{"has_planks":"2024-10-12 03:30:37 +0000"},"done":true},"minecraft:recipes/redstone/birch_trapdoor":{"criteria":{"has_planks":"2024-10-12 03:30:37 +0000"},"done":true},"minecraft:recipes/decorations/birch_sign":{"criteria":{"has_planks":"2024-10-12 03:30:37 +0000"},"done":true},"minecraft:recipes/redstone/birch_fence_gate":{"criteria":{"has_planks":"2024-10-12 03:30:37 +0000"},"done":true},"minecraft:recipes/redstone/birch_pressure_plate":{"criteria":{"has_planks":"2024-10-12 03:30:37 +0000"},"done":true},"minecraft:recipes/building_blocks/birch_slab":{"criteria":{"has_planks":"2024-10-12 03:30:37 +0000"},"done":true},"minecraft:recipes/building_blocks/birch_stairs":{"criteria":{"has_planks":"2024-10-12 03:30:37 +0000"},"done":true},"minecraft:husbandry/plant_seed":{"criteria":{"wheat":"2024-10-12 03:31:06 +0000"},"done":true},"minecraft:recipes/building_blocks/emerald_block":{"criteria":{"has_emerald":"2024-10-12 03:32:32 +0000"},"done":true},"minecraft:recipes/brewing/cauldron":{"criteria":{"has_water_bucket":"2024-10-12 03:33:25 +0000"},"done":true},"minecraft:recipes/building_blocks/polished_deepslate":{"criteria":{"has_cobbled_deepslate":"2024-10-12 03:34:37 +0000"},"done":true},"minecraft:recipes/building_blocks/deepslate_tile_stairs_from_cobbled_deepslate_stonecutting":{"criteria":{"has_cobbled_deepslate":"2024-10-12 03:34:37 +0000"},"done":true},"minecraft:recipes/decorations/deepslate_brick_wall_from_cobbled_deepslate_stonecutting":{"criteria":{"has_cobbled_deepslate":"2024-10-12 03:34:37 +0000"},"done":true},"minecraft:recipes/building_blocks/polished_deepslate_from_cobbled_deepslate_stonecutting":{"criteria":{"has_cobbled_deepslate":"2024-10-12 03:34:37 +0000"},"done":true},"minecraft:recipes/building_blocks/polished_deepslate_slab_from_cobbled_deepslate_stonecutting":{"criteria":{"has_cobbled_deepslate":"2024-10-12 03:34:37 +0000"},"done":true},"minecraft:recipes/building_blocks/deepslate_brick_stairs_from_cobbled_deepslate_stonecutting":{"criteria":{"has_cobbled_deepslate":"2024-10-12 03:34:37 +0000"},"done":true},"minecraft:recipes/building_blocks/deepslate_brick_slab_from_cobbled_deepslate_stonecutting":{"criteria":{"has_cobbled_deepslate":"2024-10-12 03:34:37 +0000"},"done":true},"minecraft:recipes/building_blocks/cobbled_deepslate_slab_from_cobbled_deepslate_stonecutting":{"criteria":{"has_cobbled_deepslate":"2024-10-12 03:34:37 +0000"},"done":true},"minecraft:recipes/building_blocks/deepslate_tile_slab_from_cobbled_deepslate_stonecutting":{"criteria":{"has_cobbled_deepslate":"2024-10-12 03:34:37 +0000"},"done":true},"minecraft:recipes/building_blocks/cobbled_deepslate_stairs":{"criteria":{"has_cobbled_deepslate":"2024-10-12 03:34:37 +0000"},"done":true},"minecraft:recipes/building_blocks/chiseled_deepslate_from_cobbled_deepslate_stonecutting":{"criteria":{"has_cobbled_deepslate":"2024-10-12 03:34:37 +0000"},"done":true},"minecraft:recipes/building_blocks/cobbled_deepslate_slab":{"criteria":{"has_cobbled_deepslate":"2024-10-12 03:34:37 +0000"},"done":true},"minecraft:recipes/decorations/cobbled_deepslate_wall_from_cobbled_deepslate_stonecutting":{"criteria":{"has_cobbled_deepslate":"2024-10-12 03:34:37 +0000"},"done":true},"minecraft:recipes/decorations/deepslate_tile_wall_from_cobbled_deepslate_stonecutting":{"criteria":{"has_cobbled_deepslate":"2024-10-12 03:34:37 +0000"},"done":true},"minecraft:recipes/decorations/cobbled_deepslate_wall":{"criteria":{"has_cobbled_deepslate":"2024-10-12 03:34:37 +0000"},"done":true},"minecraft:recipes/decorations/polished_deepslate_wall_from_cobbled_deepslate_stonecutting":{"criteria":{"has_cobbled_deepslate":"2024-10-12 03:34:37 +0000"},"done":true},"minecraft:recipes/building_blocks/deepslate_bricks_from_cobbled_deepslate_stonecutting":{"criteria":{"has_cobbled_deepslate":"2024-10-12 03:34:37 +0000"},"done":true},"minecraft:recipes/building_blocks/deepslate_tiles_from_cobbled_deepslate_stonecutting":{"criteria":{"has_cobbled_deepslate":"2024-10-12 03:34:37 +0000"},"done":true},"minecraft:recipes/building_blocks/cobbled_deepslate_stairs_from_cobbled_deepslate_stonecutting":{"criteria":{"has_cobbled_deepslate":"2024-10-12 03:34:37 +0000"},"done":true},"minecraft:recipes/building_blocks/deepslate":{"criteria":{"has_cobbled_deepslate":"2024-10-12 03:34:37 +0000"},"done":true},"minecraft:recipes/building_blocks/polished_deepslate_stairs_from_cobbled_deepslate_stonecutting":{"criteria":{"has_cobbled_deepslate":"2024-10-12 03:34:37 +0000"},"done":true},"minecraft:recipes/building_blocks/chiseled_tuff_bricks_from_tuff_stonecutting":{"criteria":{"has_tuff":"2024-10-12 03:36:22 +0000"},"done":true},"minecraft:recipes/building_blocks/tuff_bricks_from_tuff_stonecutting":{"criteria":{"has_tuff":"2024-10-12 03:36:22 +0000"},"done":true},"minecraft:recipes/building_blocks/tuff_slab":{"criteria":{"has_tuff":"2024-10-12 03:36:22 +0000"},"done":true},"minecraft:recipes/building_blocks/tuff_brick_slab_from_tuff_stonecutting":{"criteria":{"has_tuff":"2024-10-12 03:36:22 +0000"},"done":true},"minecraft:recipes/decorations/polished_tuff_wall_from_tuff_stonecutting":{"criteria":{"has_tuff":"2024-10-12 03:36:22 +0000"},"done":true},"minecraft:recipes/decorations/tuff_wall":{"criteria":{"has_tuff":"2024-10-12 03:36:22 +0000"},"done":true},"minecraft:recipes/building_blocks/polished_tuff_slab_from_tuff_stonecutting":{"criteria":{"has_tuff":"2024-10-12 03:36:22 +0000"},"done":true},"minecraft:recipes/decorations/mossy_cobblestone_wall":{"criteria":{"has_mossy_cobblestone":"2024-10-12 03:36:22 +0000"},"done":true},"minecraft:recipes/decorations/tuff_wall_from_tuff_stonecutting":{"criteria":{"has_tuff":"2024-10-12 03:36:22 +0000"},"done":true},"minecraft:recipes/building_blocks/tuff_stairs":{"criteria":{"has_tuff":"2024-10-12 03:36:22 +0000"},"done":true},"minecraft:recipes/building_blocks/mossy_cobblestone_slab_from_mossy_cobblestone_stonecutting":{"criteria":{"has_mossy_cobblestone":"2024-10-12 03:36:22 +0000"},"done":true},"minecraft:recipes/building_blocks/mossy_cobblestone_stairs_from_mossy_cobblestone_stonecutting":{"criteria":{"has_mossy_cobblestone":"2024-10-12 03:36:22 +0000"},"done":true},"minecraft:recipes/decorations/tuff_brick_wall_from_tuff_stonecutting":{"criteria":{"has_tuff":"2024-10-12 03:36:22 +0000"},"done":true},"minecraft:recipes/building_blocks/chiseled_tuff_from_tuff_stonecutting":{"criteria":{"has_tuff":"2024-10-12 03:36:22 +0000"},"done":true},"minecraft:recipes/building_blocks/polished_tuff_stairs_from_tuff_stonecutting":{"criteria":{"has_tuff":"2024-10-12 03:36:22 +0000"},"done":true},"minecraft:recipes/building_blocks/tuff_stairs_from_tuff_stonecutting":{"criteria":{"has_tuff":"2024-10-12 03:36:22 +0000"},"done":true},"minecraft:recipes/building_blocks/tuff_brick_stairs_from_tuff_stonecutting":{"criteria":{"has_tuff":"2024-10-12 03:36:22 +0000"},"done":true},"minecraft:recipes/building_blocks/polished_tuff":{"criteria":{"has_tuff":"2024-10-12 03:36:22 +0000"},"done":true},"minecraft:recipes/building_blocks/tuff_slab_from_tuff_stonecutting":{"criteria":{"has_tuff":"2024-10-12 03:36:22 +0000"},"done":true},"minecraft:recipes/decorations/mossy_cobblestone_wall_from_mossy_cobblestone_stonecutting":{"criteria":{"has_mossy_cobblestone":"2024-10-12 03:36:22 +0000"},"done":true},"minecraft:recipes/building_blocks/mossy_cobblestone_slab":{"criteria":{"has_mossy_cobblestone":"2024-10-12 03:36:22 +0000"},"done":true},"minecraft:recipes/building_blocks/polished_tuff_from_tuff_stonecutting":{"criteria":{"has_tuff":"2024-10-12 03:36:22 +0000"},"done":true},"minecraft:recipes/building_blocks/mossy_cobblestone_stairs":{"criteria":{"has_mossy_cobblestone":"2024-10-12 03:36:22 +0000"},"done":true},"minecraft:recipes/redstone/spruce_button":{"criteria":{"has_planks":"2024-10-12 03:38:15 +0000"},"done":true},"minecraft:recipes/redstone/spruce_pressure_plate":{"criteria":{"has_planks":"2024-10-12 03:38:15 +0000"},"done":true},"minecraft:recipes/decorations/spruce_sign":{"criteria":{"has_planks":"2024-10-12 03:38:15 +0000"},"done":true},"minecraft:recipes/redstone/spruce_trapdoor":{"criteria":{"has_planks":"2024-10-12 03:38:15 +0000"},"done":true},"minecraft:recipes/redstone/spruce_door":{"criteria":{"has_planks":"2024-10-12 03:38:15 +0000"},"done":true},"minecraft:recipes/redstone/spruce_fence_gate":{"criteria":{"has_planks":"2024-10-12 03:38:15 +0000"},"done":true},"minecraft:recipes/decorations/spruce_fence":{"criteria":{"has_planks":"2024-10-12 03:38:15 +0000"},"done":true},"minecraft:recipes/building_blocks/spruce_stairs":{"criteria":{"has_planks":"2024-10-12 03:38:15 +0000"},"done":true},"minecraft:recipes/building_blocks/spruce_slab":{"criteria":{"has_planks":"2024-10-12 03:38:15 +0000"},"done":true},"minecraft:recipes/combat/diamond_leggings":{"criteria":{"has_diamond":"2024-10-12 03:40:28 +0000"},"done":true},"minecraft:recipes/combat/diamond_sword":{"criteria":{"has_diamond":"2024-10-12 03:40:28 +0000"},"done":true},"minecraft:recipes/decorations/jukebox":{"criteria":{"has_diamond":"2024-10-12 03:40:28 +0000"},"done":true},"minecraft:recipes/combat/diamond_chestplate":{"criteria":{"has_diamond":"2024-10-12 03:40:28 +0000"},"done":true},"minecraft:recipes/combat/diamond_helmet":{"criteria":{"has_diamond":"2024-10-12 03:40:28 +0000"},"done":true},"minecraft:recipes/tools/diamond_pickaxe":{"criteria":{"has_diamond":"2024-10-12 03:40:28 +0000"},"done":true},"minecraft:recipes/building_blocks/diamond_block":{"criteria":{"has_diamond":"2024-10-12 03:40:28 +0000"},"done":true},"minecraft:recipes/tools/diamond_hoe":{"criteria":{"has_diamond":"2024-10-12 03:40:28 +0000"},"done":true},"minecraft:recipes/tools/diamond_shovel":{"criteria":{"has_diamond":"2024-10-12 03:40:28 +0000"},"done":true},"minecraft:story/mine_diamond":{"criteria":{"diamond":"2024-10-12 03:40:28 +0000"},"done":true},"minecraft:recipes/tools/diamond_axe":{"criteria":{"has_diamond":"2024-10-12 03:40:28 +0000"},"done":true},"minecraft:recipes/combat/diamond_boots":{"criteria":{"has_diamond":"2024-10-12 03:40:28 +0000"},"done":true},"minecraft:story/shiny_gear":{"criteria":{"diamond_chestplate":"2024-10-12 03:40:39 +0000"},"done":true},"minecraft:recipes/combat/iron_sword":{"criteria":{"has_iron_ingot":"2024-10-12 03:40:46 +0000"},"done":true},"minecraft:recipes/tools/iron_pickaxe":{"criteria":{"has_iron_ingot":"2024-10-12 03:40:46 +0000"},"done":true},"minecraft:recipes/combat/iron_leggings":{"criteria":{"has_iron_ingot":"2024-10-12 03:40:46 +0000"},"done":true},"minecraft:recipes/combat/shield":{"criteria":{"has_iron_ingot":"2024-10-12 03:40:46 +0000"},"done":true},"minecraft:recipes/redstone/hopper":{"criteria":{"has_iron_ingot":"2024-10-12 03:40:46 +0000"},"done":true},"minecraft:recipes/decorations/iron_bars":{"criteria":{"has_iron_ingot":"2024-10-12 03:40:46 +0000"},"done":true},"minecraft:recipes/combat/iron_boots":{"criteria":{"has_iron_ingot":"2024-10-12 03:40:46 +0000"},"done":true},"minecraft:recipes/combat/iron_chestplate":{"criteria":{"has_iron_ingot":"2024-10-12 03:40:46 +0000"},"done":true},"minecraft:recipes/decorations/lantern":{"criteria":{"has_iron_ingot":"2024-10-12 03:40:46 +0000"},"done":true},"minecraft:recipes/misc/iron_nugget":{"criteria":{"has_iron_ingot":"2024-10-12 03:40:46 +0000"},"done":true},"minecraft:recipes/misc/bucket":{"criteria":{"has_iron_ingot":"2024-10-12 03:40:46 +0000"},"done":true},"minecraft:recipes/combat/iron_helmet":{"criteria":{"has_iron_ingot":"2024-10-12 03:40:46 +0000"},"done":true},"minecraft:recipes/transportation/minecart":{"criteria":{"has_iron_ingot":"2024-10-12 03:40:46 +0000"},"done":true},"minecraft:recipes/tools/iron_hoe":{"criteria":{"has_iron_ingot":"2024-10-12 03:40:46 +0000"},"done":true},"minecraft:recipes/tools/iron_shovel":{"criteria":{"has_iron_ingot":"2024-10-12 03:40:46 +0000"},"done":true},"minecraft:story/smelt_iron":{"criteria":{"iron":"2024-10-12 03:40:46 +0000"},"done":true},"minecraft:recipes/tools/shears":{"criteria":{"has_iron_ingot":"2024-10-12 03:40:46 +0000"},"done":true},"minecraft:recipes/redstone/iron_trapdoor":{"criteria":{"has_iron_ingot":"2024-10-12 03:40:46 +0000"},"done":true},"minecraft:recipes/decorations/chain":{"criteria":{"has_iron_ingot":"2024-10-12 03:40:46 +0000"},"done":true},"minecraft:recipes/building_blocks/iron_block":{"criteria":{"has_iron_ingot":"2024-10-12 03:40:46 +0000"},"done":true},"minecraft:recipes/tools/iron_axe":{"criteria":{"has_iron_ingot":"2024-10-12 03:40:46 +0000"},"done":true},"minecraft:recipes/combat/crossbow":{"criteria":{"has_iron_ingot":"2024-10-12 03:40:46 +0000"},"done":true},"minecraft:recipes/decorations/smithing_table":{"criteria":{"has_iron_ingot":"2024-10-12 03:40:46 +0000"},"done":true},"minecraft:recipes/redstone/iron_door":{"criteria":{"has_iron_ingot":"2024-10-12 03:40:46 +0000"},"done":true},"minecraft:recipes/redstone/heavy_weighted_pressure_plate":{"criteria":{"has_iron_ingot":"2024-10-12 03:40:46 +0000"},"done":true},"minecraft:recipes/misc/iron_nugget_from_smelting":{"criteria":{"has_iron_sword":"2024-10-12 03:41:06 +0000"},"done":true},"minecraft:recipes/misc/iron_nugget_from_blasting":{"criteria":{"has_iron_sword":"2024-10-12 03:41:06 +0000"},"done":true},"minecraft:recipes/misc/blue_dye":{"criteria":{"has_lapis_lazuli":"2024-10-12 03:43:50 +0000"},"done":true},"minecraft:recipes/building_blocks/lapis_block":{"criteria":{"has_lapis_lazuli":"2024-10-12 03:43:50 +0000"},"done":true},"minecraft:story/deflect_arrow":{"criteria":{"deflected_projectile":"2024-10-12 03:45:15 +0000"},"done":true},"minecraft:recipes/tools/golden_axe":{"criteria":{"has_gold_ingot":"2024-10-12 03:57:29 +0000"},"done":true},"minecraft:recipes/tools/golden_pickaxe":{"criteria":{"has_gold_ingot":"2024-10-12 03:57:29 +0000"},"done":true},"minecraft:recipes/misc/gold_nugget":{"criteria":{"has_gold_ingot":"2024-10-12 03:57:29 +0000"},"done":true},"minecraft:recipes/tools/golden_shovel":{"criteria":{"has_gold_ingot":"2024-10-12 03:57:29 +0000"},"done":true},"minecraft:recipes/food/golden_apple":{"criteria":{"has_gold_ingot":"2024-10-12 03:57:29 +0000"},"done":true},"minecraft:recipes/combat/golden_boots":{"criteria":{"has_gold_ingot":"2024-10-12 03:57:29 +0000"},"done":true},"minecraft:recipes/combat/golden_helmet":{"criteria":{"has_gold_ingot":"2024-10-12 03:57:29 +0000"},"done":true},"minecraft:recipes/combat/golden_sword":{"criteria":{"has_gold_ingot":"2024-10-12 03:57:29 +0000"},"done":true},"minecraft:recipes/building_blocks/gold_block":{"criteria":{"has_gold_ingot":"2024-10-12 03:57:29 +0000"},"done":true},"minecraft:recipes/combat/golden_chestplate":{"criteria":{"has_gold_ingot":"2024-10-12 03:57:29 +0000"},"done":true},"minecraft:recipes/tools/golden_hoe":{"criteria":{"has_gold_ingot":"2024-10-12 03:57:29 +0000"},"done":true},"minecraft:recipes/redstone/light_weighted_pressure_plate":{"criteria":{"has_gold_ingot":"2024-10-12 03:57:29 +0000"},"done":true},"minecraft:recipes/combat/golden_leggings":{"criteria":{"has_gold_ingot":"2024-10-12 03:57:29 +0000"},"done":true},"minecraft:recipes/brewing/fermented_spider_eye":{"criteria":{"has_spider_eye":"2024-10-12 04:09:17 +0000"},"done":true},"minecraft:recipes/combat/bow":{"criteria":{"has_string":"2024-10-12 04:09:17 +0000"},"done":true},"minecraft:recipes/tools/fishing_rod":{"criteria":{"has_string":"2024-10-12 04:09:17 +0000"},"done":true},"minecraft:recipes/building_blocks/white_wool_from_string":{"criteria":{"has_string":"2024-10-12 04:09:17 +0000"},"done":true},"minecraft:recipes/redstone/tripwire_hook":{"criteria":{"has_string":"2024-10-12 04:09:17 +0000"},"done":true},"minecraft:recipes/decorations/candle":{"criteria":{"has_string":"2024-10-12 04:09:17 +0000"},"done":true},"minecraft:recipes/decorations/loom":{"criteria":{"has_string":"2024-10-12 04:09:17 +0000"},"done":true},"minecraft:recipes/misc/gold_ingot_from_gold_block":{"criteria":{"has_gold_block":"2024-10-12 04:14:02 +0000"},"done":true},"minecraft:recipes/decorations/fletching_table":{"criteria":{"has_flint":"2024-10-12 04:14:26 +0000"},"done":true},"minecraft:recipes/tools/flint_and_steel":{"criteria":{"has_flint":"2024-10-12 04:14:26 +0000"},"done":true},"minecraft:story/form_obsidian":{"criteria":{"obsidian":"2024-10-12 04:16:53 +0000"},"done":true},"minecraft:recipes/decorations/enchanting_table":{"criteria":{"has_obsidian":"2024-10-12 04:16:53 +0000"},"done":true},"minecraft:recipes/building_blocks/spruce_planks":{"criteria":{"has_logs":"2024-10-12 04:18:22 +0000"},"done":true},"minecraft:recipes/decorations/spruce_hanging_sign":{"criteria":{"has_stripped_logs":"2024-10-12 04:18:22 +0000"},"done":true},"minecraft:recipes/building_blocks/stripped_spruce_wood":{"criteria":{"has_log":"2024-10-12 04:18:22 +0000"},"done":true},"minecraft:recipes/misc/iron_ingot_from_nuggets":{"criteria":{"has_iron_nugget":"2024-10-12 04:20:19 +0000"},"done":true},"minecraft:recipes/building_blocks/spruce_wood":{"criteria":{"has_log":"2024-10-12 04:20:53 +0000"},"done":true},"minecraft:recipes/building_blocks/smooth_basalt":{"criteria":{"has_basalt":"2024-10-12 04:21:34 +0000"},"done":true},"minecraft:recipes/building_blocks/polished_basalt_from_basalt_stonecutting":{"criteria":{"has_basalt":"2024-10-12 04:21:34 +0000"},"done":true},"minecraft:recipes/building_blocks/polished_basalt":{"criteria":{"has_basalt":"2024-10-12 04:21:34 +0000"},"done":true},"minecraft:recipes/misc/bone_meal_from_bone_block":{"criteria":{"has_bone_block":"2024-10-12 04:21:47 +0000"},"done":true},"minecraft:recipes/building_blocks/chiseled_tuff_bricks_from_tuff_bricks_stonecutting":{"criteria":{"has_tuff_bricks":"2024-10-12 04:24:19 +0000"},"done":true},"minecraft:recipes/decorations/tuff_brick_wall_from_tuff_bricks_stonecutting":{"criteria":{"has_tuff_bricks":"2024-10-12 04:24:19 +0000"},"done":true},"minecraft:recipes/building_blocks/tuff_brick_stairs":{"criteria":{"has_tuff_bricks":"2024-10-12 04:24:19 +0000"},"done":true},"minecraft:recipes/building_blocks/tuff_brick_stairs_from_tuff_bricks_stonecutting":{"criteria":{"has_tuff_bricks":"2024-10-12 04:24:19 +0000"},"done":true},"minecraft:recipes/building_blocks/tuff_brick_slab_from_tuff_bricks_stonecutting":{"criteria":{"has_tuff_bricks":"2024-10-12 04:24:19 +0000"},"done":true},"minecraft:recipes/misc/sugar_from_honey_bottle":{"criteria":{"has_honey_bottle":"2024-10-12 04:24:19 +0000"},"done":true},"minecraft:recipes/redstone/honey_block":{"criteria":{"has_honey_bottle":"2024-10-12 04:24:19 +0000"},"done":true},"minecraft:recipes/decorations/tuff_brick_wall":{"criteria":{"has_tuff_bricks":"2024-10-12 04:24:19 +0000"},"done":true},"minecraft:recipes/building_blocks/tuff_brick_slab":{"criteria":{"has_tuff_bricks":"2024-10-12 04:24:19 +0000"},"done":true},"minecraft:recipes/building_blocks/bricks":{"criteria":{"has_brick":"2024-10-12 04:24:25 +0000"},"done":true},"minecraft:recipes/decorations/flower_pot":{"criteria":{"has_brick":"2024-10-12 04:24:25 +0000"},"done":true},"minecraft:recipes/decorations/decorated_pot_simple":{"criteria":{"has_brick":"2024-10-12 04:24:25 +0000"},"done":true},"minecraft:recipes/misc/gold_ingot_from_smelting_raw_gold":{"criteria":{"has_raw_gold":"2024-10-12 04:24:34 +0000"},"done":true},"minecraft:recipes/building_blocks/raw_gold_block":{"criteria":{"has_raw_gold":"2024-10-12 04:24:34 +0000"},"done":true},"minecraft:recipes/misc/gold_ingot_from_blasting_raw_gold":{"criteria":{"has_raw_gold":"2024-10-12 04:24:34 +0000"},"done":true},"minecraft:recipes/misc/netherite_upgrade_smithing_template":{"criteria":{"has_netherite_upgrade_smithing_template":"2024-10-12 04:24:46 +0000"},"done":true},"minecraft:recipes/misc/netherite_ingot":{"criteria":{"has_netherite_scrap":"2024-10-12 04:24:47 +0000"},"done":true},"minecraft:recipes/misc/gold_ingot_from_nuggets":{"criteria":{"has_gold_nugget":"2024-10-12 04:24:51 +0000"},"done":true},"minecraft:recipes/brewing/golden_carrot":{"criteria":{"has_gold_nugget":"2024-10-12 04:24:51 +0000"},"done":true},"minecraft:recipes/redstone/redstone_torch":{"criteria":{"has_redstone":"2024-10-12 04:25:27 +0000"},"done":true},"minecraft:recipes/tools/clock":{"criteria":{"has_redstone":"2024-10-12 04:25:27 +0000"},"done":true},"minecraft:recipes/redstone/dropper":{"criteria":{"has_redstone":"2024-10-12 04:25:27 +0000"},"done":true},"minecraft:recipes/redstone/redstone_block":{"criteria":{"has_redstone":"2024-10-12 04:25:27 +0000"},"done":true},"minecraft:recipes/redstone/note_block":{"criteria":{"has_redstone":"2024-10-12 04:25:27 +0000"},"done":true},"minecraft:recipes/redstone/target":{"criteria":{"has_redstone":"2024-10-12 04:25:27 +0000"},"done":true},"minecraft:recipes/tools/compass":{"criteria":{"has_redstone":"2024-10-12 04:25:27 +0000"},"done":true},"minecraft:recipes/redstone/piston":{"criteria":{"has_redstone":"2024-10-12 04:25:27 +0000"},"done":true},"minecraft:recipes/misc/raw_gold":{"criteria":{"has_raw_gold_block":"2024-10-12 04:26:08 +0000"},"done":true},"minecraft:recipes/decorations/white_banner":{"criteria":{"has_white_wool":"2024-10-12 04:26:15 +0000"},"done":true},"minecraft:recipes/decorations/painting":{"criteria":{"has_wool":"2024-10-12 04:26:15 +0000"},"done":true},"minecraft:recipes/decorations/white_bed":{"criteria":{"has_white_wool":"2024-10-12 04:26:15 +0000"},"done":true},"minecraft:recipes/decorations/white_carpet":{"criteria":{"has_white_wool":"2024-10-12 04:26:15 +0000"},"done":true},"minecraft:recipes/misc/firework_rocket_simple":{"criteria":{"has_gunpowder":"2024-10-12 04:28:58 +0000"},"done":true},"minecraft:recipes/redstone/tnt":{"criteria":{"has_gunpowder":"2024-10-12 04:28:58 +0000"},"done":true},"minecraft:recipes/misc/gold_nugget_from_smelting":{"criteria":{"has_golden_helmet":"2024-10-12 04:44:34 +0000"},"done":true},"minecraft:recipes/misc/gold_nugget_from_blasting":{"criteria":{"has_golden_helmet":"2024-10-12 04:44:34 +0000"},"done":true},"minecraft:story/obtain_armor":{"criteria":{"iron_chestplate":"2024-10-12 04:44:46 +0000"},"done":true},"minecraft:story/enchant_item":{"criteria":{"enchanted_item":"2024-10-12 04:48:51 +0000"},"done":true},"minecraft:recipes/building_blocks/blackstone_stairs":{"criteria":{"has_blackstone":"2024-10-12 04:55:07 +0000"},"done":true},"minecraft:recipes/building_blocks/blackstone_slab_from_blackstone_stonecutting":{"criteria":{"has_blackstone":"2024-10-12 04:55:07 +0000"},"done":true},"minecraft:recipes/decorations/polished_blackstone_brick_wall_from_blackstone_stonecutting":{"criteria":{"has_blackstone":"2024-10-12 04:55:07 +0000"},"done":true},"minecraft:recipes/building_blocks/polished_blackstone_slab_from_blackstone_stonecutting":{"criteria":{"has_blackstone":"2024-10-12 04:55:07 +0000"},"done":true},"minecraft:recipes/building_blocks/polished_blackstone":{"criteria":{"has_blackstone":"2024-10-12 04:55:07 +0000"},"done":true},"minecraft:recipes/decorations/blackstone_wall":{"criteria":{"has_blackstone":"2024-10-12 04:55:07 +0000"},"done":true},"minecraft:recipes/building_blocks/blackstone_slab":{"criteria":{"has_blackstone":"2024-10-12 04:55:07 +0000"},"done":true},"minecraft:recipes/building_blocks/polished_blackstone_brick_slab_from_blackstone_stonecutting":{"criteria":{"has_blackstone":"2024-10-12 04:55:07 +0000"},"done":true},"minecraft:recipes/building_blocks/polished_blackstone_from_blackstone_stonecutting":{"criteria":{"has_blackstone":"2024-10-12 04:55:07 +0000"},"done":true},"minecraft:recipes/building_blocks/polished_blackstone_brick_stairs_from_blackstone_stonecutting":{"criteria":{"has_blackstone":"2024-10-12 04:55:07 +0000"},"done":true},"minecraft:recipes/building_blocks/polished_blackstone_bricks_from_blackstone_stonecutting":{"criteria":{"has_blackstone":"2024-10-12 04:55:07 +0000"},"done":true},"minecraft:recipes/decorations/blackstone_wall_from_blackstone_stonecutting":{"criteria":{"has_blackstone":"2024-10-12 04:55:07 +0000"},"done":true},"minecraft:recipes/building_blocks/polished_blackstone_stairs_from_blackstone_stonecutting":{"criteria":{"has_blackstone":"2024-10-12 04:55:07 +0000"},"done":true},"minecraft:recipes/decorations/polished_blackstone_wall_from_blackstone_stonecutting":{"criteria":{"has_blackstone":"2024-10-12 04:55:07 +0000"},"done":true},"minecraft:recipes/building_blocks/chiseled_polished_blackstone_from_blackstone_stonecutting":{"criteria":{"has_blackstone":"2024-10-12 04:55:07 +0000"},"done":true},"minecraft:recipes/building_blocks/blackstone_stairs_from_blackstone_stonecutting":{"criteria":{"has_blackstone":"2024-10-12 04:55:07 +0000"},"done":true},"minecraft:recipes/building_blocks/lime_concrete_powder":{"criteria":{"has_gravel":"2024-10-12 05:02:26 +0000"},"done":true},"minecraft:recipes/building_blocks/coarse_dirt":{"criteria":{"has_gravel":"2024-10-12 05:02:26 +0000"},"done":true},"minecraft:recipes/building_blocks/light_gray_concrete_powder":{"criteria":{"has_gravel":"2024-10-12 05:02:26 +0000"},"done":true},"minecraft:recipes/building_blocks/pink_concrete_powder":{"criteria":{"has_gravel":"2024-10-12 05:02:26 +0000"},"done":true},"minecraft:recipes/misc/light_gray_dye_from_azure_bluet":{"criteria":{"has_azure_bluet":"2024-10-12 05:02:26 +0000"},"done":true},"minecraft:recipes/building_blocks/orange_concrete_powder":{"criteria":{"has_gravel":"2024-10-12 05:02:26 +0000"},"done":true},"minecraft:recipes/building_blocks/red_concrete_powder":{"criteria":{"has_gravel":"2024-10-12 05:02:26 +0000"},"done":true},"minecraft:recipes/building_blocks/magenta_concrete_powder":{"criteria":{"has_gravel":"2024-10-12 05:02:26 +0000"},"done":true},"minecraft:recipes/building_blocks/brown_concrete_powder":{"criteria":{"has_gravel":"2024-10-12 05:02:26 +0000"},"done":true},"minecraft:recipes/building_blocks/light_blue_concrete_powder":{"criteria":{"has_gravel":"2024-10-12 05:02:26 +0000"},"done":true},"minecraft:recipes/building_blocks/green_concrete_powder":{"criteria":{"has_gravel":"2024-10-12 05:02:26 +0000"},"done":true},"minecraft:recipes/building_blocks/blue_concrete_powder":{"criteria":{"has_gravel":"2024-10-12 05:02:26 +0000"},"done":true},"minecraft:recipes/building_blocks/yellow_concrete_powder":{"criteria":{"has_gravel":"2024-10-12 05:02:26 +0000"},"done":true},"minecraft:recipes/building_blocks/white_concrete_powder":{"criteria":{"has_gravel":"2024-10-12 05:02:26 +0000"},"done":true},"minecraft:recipes/building_blocks/gray_concrete_powder":{"criteria":{"has_gravel":"2024-10-12 05:02:26 +0000"},"done":true},"minecraft:recipes/building_blocks/black_concrete_powder":{"criteria":{"has_gravel":"2024-10-12 05:02:26 +0000"},"done":true},"minecraft:recipes/building_blocks/purple_concrete_powder":{"criteria":{"has_gravel":"2024-10-12 05:02:26 +0000"},"done":true},"minecraft:recipes/building_blocks/cyan_concrete_powder":{"criteria":{"has_gravel":"2024-10-12 05:02:26 +0000"},"done":true},"minecraft:recipes/transportation/dark_oak_chest_boat":{"criteria":{"has_boat":"2024-10-12 05:03:13 +0000"},"done":true},"minecraft:recipes/transportation/bamboo_chest_raft":{"criteria":{"has_boat":"2024-10-12 05:03:13 +0000"},"done":true},"minecraft:recipes/transportation/spruce_chest_boat":{"criteria":{"has_boat":"2024-10-12 05:03:13 +0000"},"done":true},"minecraft:recipes/transportation/jungle_chest_boat":{"criteria":{"has_boat":"2024-10-12 05:03:13 +0000"},"done":true},"minecraft:recipes/transportation/acacia_chest_boat":{"criteria":{"has_boat":"2024-10-12 05:03:13 +0000"},"done":true},"minecraft:recipes/transportation/mangrove_chest_boat":{"criteria":{"has_boat":"2024-10-12 05:03:13 +0000"},"done":true},"minecraft:recipes/transportation/oak_chest_boat":{"criteria":{"has_boat":"2024-10-12 05:03:13 +0000"},"done":true},"minecraft:recipes/transportation/cherry_chest_boat":{"criteria":{"has_boat":"2024-10-12 05:03:13 +0000"},"done":true},"minecraft:recipes/transportation/birch_chest_boat":{"criteria":{"has_boat":"2024-10-12 05:03:13 +0000"},"done":true},"minecraft:recipes/decorations/grindstone":{"criteria":{"has_stone_slab":"2024-10-12 05:06:50 +0000"},"done":true},"minecraft:adventure/minecraft_trials_edition":{"criteria":{"minecraft_trials_edition":"2024-10-12 05:14:50 +0000"},"done":true},"minecraft:recipes/misc/wind_charge":{"criteria":{"has_breeze_rod":"2024-10-12 05:15:15 +0000"},"done":true},"minecraft:recipes/combat/mace":{"criteria":{"has_breeze_rod":"2024-10-12 05:15:15 +0000"},"done":true},"minecraft:recipes/building_blocks/waxed_copper_grate":{"criteria":{"has_waxed_copper_block":"2024-10-12 05:16:29 +0000"},"done":true},"minecraft:recipes/building_blocks/waxed_cut_copper_from_waxed_copper_block_stonecutting":{"criteria":{"has_waxed_copper_block":"2024-10-12 05:16:29 +0000"},"done":true},"minecraft:recipes/building_blocks/waxed_chiseled_copper_from_waxed_copper_block_stonecutting":{"criteria":{"has_waxed_copper_block":"2024-10-12 05:16:29 +0000"},"done":true},"minecraft:recipes/redstone/waxed_copper_bulb":{"criteria":{"has_waxed_copper_block":"2024-10-12 05:16:29 +0000"},"done":true},"minecraft:recipes/building_blocks/waxed_cut_copper":{"criteria":{"has_waxed_copper_block":"2024-10-12 05:16:29 +0000"},"done":true},"minecraft:recipes/building_blocks/waxed_cut_copper_stairs_from_waxed_copper_block_stonecutting":{"criteria":{"has_waxed_copper_block":"2024-10-12 05:16:29 +0000"},"done":true},"minecraft:recipes/misc/copper_ingot_from_waxed_copper_block":{"criteria":{"has_waxed_copper_block":"2024-10-12 05:16:29 +0000"},"done":true},"minecraft:recipes/building_blocks/waxed_copper_grate_from_waxed_copper_block_stonecutting":{"criteria":{"has_waxed_copper_block":"2024-10-12 05:16:29 +0000"},"done":true},"minecraft:recipes/building_blocks/waxed_cut_copper_slab_from_waxed_copper_block_stonecutting":{"criteria":{"has_waxed_copper_block":"2024-10-12 05:16:29 +0000"},"done":true},"minecraft:adventure/under_lock_and_key":{"criteria":{"under_lock_and_key":"2024-10-12 05:17:50 +0000"},"done":true},"minecraft:recipes/decorations/polished_tuff_wall":{"criteria":{"has_polished_tuff":"2024-10-12 05:18:30 +0000"},"done":true},"minecraft:recipes/decorations/tuff_brick_wall_from_polished_tuff_stonecutting":{"criteria":{"has_polished_tuff":"2024-10-12 05:18:30 +0000"},"done":true},"minecraft:recipes/building_blocks/tuff_brick_stairs_from_polished_tuff_stonecutting":{"criteria":{"has_polished_tuff":"2024-10-12 05:18:30 +0000"},"done":true},"minecraft:recipes/building_blocks/polished_tuff_slab_from_polished_tuff_stonecutting":{"criteria":{"has_polished_tuff":"2024-10-12 05:18:30 +0000"},"done":true},"minecraft:recipes/building_blocks/polished_tuff_stairs":{"criteria":{"has_polished_tuff":"2024-10-12 05:18:30 +0000"},"done":true},"minecraft:recipes/building_blocks/polished_tuff_stairs_from_polished_tuff_stonecutting":{"criteria":{"has_polished_tuff":"2024-10-12 05:18:30 +0000"},"done":true},"minecraft:recipes/building_blocks/polished_tuff_slab":{"criteria":{"has_polished_tuff":"2024-10-12 05:18:30 +0000"},"done":true},"minecraft:recipes/building_blocks/chiseled_tuff_bricks_from_polished_tuff_stonecutting":{"criteria":{"has_polished_tuff":"2024-10-12 05:18:30 +0000"},"done":true},"minecraft:recipes/building_blocks/tuff_bricks":{"criteria":{"has_polished_tuff":"2024-10-12 05:18:30 +0000"},"done":true},"minecraft:recipes/decorations/polished_tuff_wall_from_polished_tuff_stonecutting":{"criteria":{"has_polished_tuff":"2024-10-12 05:18:30 +0000"},"done":true},"minecraft:recipes/building_blocks/tuff_bricks_from_polished_tuff_stonecutting":{"criteria":{"has_polished_tuff":"2024-10-12 05:18:30 +0000"},"done":true},"minecraft:recipes/building_blocks/tuff_brick_slab_from_polished_tuff_stonecutting":{"criteria":{"has_polished_tuff":"2024-10-12 05:18:30 +0000"},"done":true},"minecraft:husbandry/wax_off":{"criteria":{"wax_off":"2024-10-12 05:18:52 +0000"},"done":true},"minecraft:adventure/salvage_sherd":{"criteria":{"has_sherd":"2024-10-12 05:19:56 +0000"},"done":false},"minecraft:recipes/building_blocks/stone_bricks":{"criteria":{"has_stone":"2024-10-12 05:26:14 +0000"},"done":true},"minecraft:recipes/building_blocks/stone_brick_slab_from_stone_stonecutting":{"criteria":{"has_stone":"2024-10-12 05:26:14 +0000"},"done":true},"minecraft:recipes/building_blocks/stone_brick_stairs_from_stone_stonecutting":{"criteria":{"has_stone":"2024-10-12 05:26:14 +0000"},"done":true},"minecraft:recipes/building_blocks/stone_slab_from_stone_stonecutting":{"criteria":{"has_stone":"2024-10-12 05:26:14 +0000"},"done":true},"minecraft:recipes/building_blocks/stone_bricks_from_stone_stonecutting":{"criteria":{"has_stone":"2024-10-12 05:26:14 +0000"},"done":true},"minecraft:recipes/building_blocks/waxed_chiseled_copper_from_honeycomb":{"criteria":{"has_chiseled_copper":"2024-10-12 05:26:14 +0000"},"done":true},"minecraft:recipes/building_blocks/stone_slab":{"criteria":{"has_stone":"2024-10-12 05:26:14 +0000"},"done":true},"minecraft:recipes/building_blocks/chiseled_stone_bricks_stone_from_stonecutting":{"criteria":{"has_stone":"2024-10-12 05:26:14 +0000"},"done":true},"minecraft:recipes/building_blocks/stone_stairs_from_stone_stonecutting":{"criteria":{"has_stone":"2024-10-12 05:26:14 +0000"},"done":true},"minecraft:recipes/redstone/stone_button":{"criteria":{"has_stone":"2024-10-12 05:26:14 +0000"},"done":true},"minecraft:recipes/decorations/stonecutter":{"criteria":{"has_stone":"2024-10-12 05:26:14 +0000"},"done":true},"minecraft:recipes/redstone/stone_pressure_plate":{"criteria":{"has_stone":"2024-10-12 05:26:14 +0000"},"done":true},"minecraft:recipes/building_blocks/smooth_stone":{"criteria":{"has_stone":"2024-10-12 05:26:14 +0000"},"done":true},"minecraft:recipes/decorations/stone_brick_walls_from_stone_stonecutting":{"criteria":{"has_stone":"2024-10-12 05:26:14 +0000"},"done":true},"minecraft:recipes/building_blocks/stone_stairs":{"criteria":{"has_stone":"2024-10-12 05:26:14 +0000"},"done":true},"minecraft:recipes/redstone/sticky_piston":{"criteria":{"has_slime_ball":"2024-10-12 05:27:30 +0000"},"done":true},"minecraft:recipes/redstone/slime_block":{"criteria":{"has_slime_ball":"2024-10-12 05:27:30 +0000"},"done":true},"minecraft:recipes/tools/lead":{"criteria":{"has_slime_ball":"2024-10-12 05:27:30 +0000"},"done":true},"minecraft:recipes/misc/copper_ingot_from_blasting_raw_copper":{"criteria":{"has_raw_copper":"2024-10-12 05:30:07 +0000"},"done":true},"minecraft:recipes/building_blocks/raw_copper_block":{"criteria":{"has_raw_copper":"2024-10-12 05:30:07 +0000"},"done":true},"minecraft:recipes/misc/copper_ingot_from_smelting_raw_copper":{"criteria":{"has_raw_copper":"2024-10-12 05:30:07 +0000"},"done":true},"minecraft:recipes/misc/raw_copper":{"criteria":{"has_raw_copper_block":"2024-10-12 05:30:14 +0000"},"done":true},"minecraft:recipes/decorations/composter":{"criteria":{"has_wood_slab":"2024-10-12 05:33:34 +0000"},"done":true},"minecraft:story/lava_bucket":{"criteria":{"lava_bucket":"2024-10-12 05:35:32 +0000"},"done":true},"minecraft:recipes/misc/mojang_banner_pattern":{"criteria":{"has_enchanted_golden_apple":"2024-10-12 05:37:28 +0000"},"done":true},"minecraft:adventure/voluntary_exile":{"criteria":{"voluntary_exile":"2024-10-12 05:41:54 +0000"},"done":true},"minecraft:adventure/hero_of_the_village":{"criteria":{"hero_of_the_village":"2024-10-12 05:51:11 +0000"},"done":true},"minecraft:husbandry/tactical_fishing":{"criteria":{"salmon_bucket":"2024-10-12 05:53:41 +0000"},"done":true},"minecraft:recipes/redstone/repeater":{"criteria":{"has_redstone_torch":"2024-10-12 19:24:17 +0000"},"done":true},"minecraft:recipes/redstone/trapped_chest":{"criteria":{"has_tripwire_hook":"2024-10-12 19:28:29 +0000"},"done":true},"minecraft:recipes/redstone/dispenser":{"criteria":{"has_bow":"2024-10-12 19:46:26 +0000"},"done":true},"minecraft:recipes/misc/emerald":{"criteria":{"has_emerald_block":"2024-10-12 19:47:33 +0000"},"done":true},"minecraft:adventure/trade":{"criteria":{"traded":"2024-10-12 19:47:45 +0000"},"done":true},"minecraft:nether/root":{"criteria":{"entered_nether":"2024-10-12 19:48:41 +0000"},"done":true},"minecraft:story/enter_the_nether":{"criteria":{"entered_nether":"2024-10-12 19:48:41 +0000"},"done":true},"minecraft:nether/explore_nether":{"criteria":{"minecraft:nether_wastes":"2024-10-12 19:49:11 +0000","minecraft:basalt_deltas":"2024-10-12 19:48:43 +0000","minecraft:warped_forest":"2024-10-13 01:33:56 +0000"},"done":false},"minecraft:recipes/misc/nether_brick":{"criteria":{"has_netherrack":"2024-10-12 19:49:22 +0000"},"done":true},"minecraft:recipes/redstone/observer":{"criteria":{"has_quartz":"2024-10-12 19:49:45 +0000"},"done":true},"minecraft:recipes/redstone/comparator":{"criteria":{"has_quartz":"2024-10-12 19:49:45 +0000"},"done":true},"minecraft:recipes/building_blocks/diorite":{"criteria":{"has_quartz":"2024-10-12 19:49:45 +0000"},"done":true},"minecraft:recipes/building_blocks/granite":{"criteria":{"has_quartz":"2024-10-12 19:49:45 +0000"},"done":true},"minecraft:recipes/building_blocks/quartz_block":{"criteria":{"has_quartz":"2024-10-12 19:49:45 +0000"},"done":true},"minecraft:recipes/redstone/daylight_detector":{"criteria":{"has_quartz":"2024-10-12 19:49:45 +0000"},"done":true},"minecraft:recipes/misc/bowl":{"criteria":{"has_red_mushroom":"2024-10-12 19:51:27 +0000"},"done":true},"minecraft:recipes/food/mushroom_stew":{"criteria":{"has_red_mushroom":"2024-10-12 19:51:27 +0000"},"done":true},"minecraft:recipes/building_blocks/red_stained_glass":{"criteria":{"has_glass":"2024-10-13 01:22:55 +0000"},"done":true},"minecraft:recipes/building_blocks/light_blue_stained_glass":{"criteria":{"has_glass":"2024-10-13 01:22:55 +0000"},"done":true},"minecraft:recipes/brewing/glass_bottle":{"criteria":{"has_glass":"2024-10-13 01:22:55 +0000"},"done":true},"minecraft:recipes/building_blocks/green_stained_glass":{"criteria":{"has_glass":"2024-10-13 01:22:55 +0000"},"done":true},"minecraft:recipes/building_blocks/brown_stained_glass":{"criteria":{"has_glass":"2024-10-13 01:22:55 +0000"},"done":true},"minecraft:recipes/building_blocks/light_gray_stained_glass":{"criteria":{"has_glass":"2024-10-13 01:22:55 +0000"},"done":true},"minecraft:recipes/building_blocks/blue_stained_glass":{"criteria":{"has_glass":"2024-10-13 01:22:55 +0000"},"done":true},"minecraft:recipes/building_blocks/orange_stained_glass":{"criteria":{"has_glass":"2024-10-13 01:22:55 +0000"},"done":true},"minecraft:recipes/building_blocks/cyan_stained_glass":{"criteria":{"has_glass":"2024-10-13 01:22:55 +0000"},"done":true},"minecraft:recipes/building_blocks/pink_stained_glass":{"criteria":{"has_glass":"2024-10-13 01:22:55 +0000"},"done":true},"minecraft:recipes/building_blocks/black_stained_glass":{"criteria":{"has_glass":"2024-10-13 01:22:55 +0000"},"done":true},"minecraft:recipes/building_blocks/gray_stained_glass":{"criteria":{"has_glass":"2024-10-13 01:22:55 +0000"},"done":true},"minecraft:recipes/building_blocks/purple_stained_glass":{"criteria":{"has_glass":"2024-10-13 01:22:55 +0000"},"done":true},"minecraft:recipes/building_blocks/yellow_stained_glass":{"criteria":{"has_glass":"2024-10-13 01:22:55 +0000"},"done":true},"minecraft:recipes/building_blocks/lime_stained_glass":{"criteria":{"has_glass":"2024-10-13 01:22:55 +0000"},"done":true},"minecraft:recipes/decorations/glass_pane":{"criteria":{"has_glass":"2024-10-13 01:22:55 +0000"},"done":true},"minecraft:recipes/building_blocks/magenta_stained_glass":{"criteria":{"has_glass":"2024-10-13 01:22:55 +0000"},"done":true},"minecraft:recipes/building_blocks/white_stained_glass":{"criteria":{"has_glass":"2024-10-13 01:22:55 +0000"},"done":true},"minecraft:nether/find_fortress":{"criteria":{"fortress":"2024-10-13 01:33:22 +0000"},"done":true},"minecraft:recipes/building_blocks/cracked_nether_bricks":{"criteria":{"has_nether_bricks":"2024-10-13 01:33:45 +0000"},"done":true},"minecraft:recipes/building_blocks/chiseled_nether_bricks_from_nether_bricks_stonecutting":{"criteria":{"has_nether_bricks":"2024-10-13 01:33:45 +0000"},"done":true},"minecraft:recipes/building_blocks/nether_brick_stairs":{"criteria":{"has_nether_bricks":"2024-10-13 01:33:45 +0000"},"done":true},"minecraft:recipes/building_blocks/nether_brick_slab":{"criteria":{"has_nether_bricks":"2024-10-13 01:33:45 +0000"},"done":true},"minecraft:recipes/decorations/nether_brick_wall_from_nether_bricks_stonecutting":{"criteria":{"has_nether_bricks":"2024-10-13 01:33:45 +0000"},"done":true},"minecraft:recipes/building_blocks/nether_brick_stairs_from_nether_bricks_stonecutting":{"criteria":{"has_nether_bricks":"2024-10-13 01:33:45 +0000"},"done":true},"minecraft:recipes/building_blocks/nether_brick_slab_from_nether_bricks_stonecutting":{"criteria":{"has_nether_bricks":"2024-10-13 01:33:45 +0000"},"done":true},"minecraft:recipes/decorations/nether_brick_wall":{"criteria":{"has_nether_bricks":"2024-10-13 01:33:45 +0000"},"done":true},"minecraft:recipes/decorations/nether_brick_fence":{"criteria":{"has_nether_bricks":"2024-10-13 01:33:45 +0000"},"done":true},"minecraft:recipes/building_blocks/nether_wart_block":{"criteria":{"has_nether_wart":"2024-10-13 01:39:10 +0000"},"done":true},"minecraft:recipes/building_blocks/red_nether_bricks":{"criteria":{"has_nether_wart":"2024-10-13 01:39:10 +0000"},"done":true},"minecraft:recipes/misc/rib_armor_trim_smithing_template_smithing_trim":{"criteria":{"has_smithing_trim_template":"2024-10-13 01:41:44 +0000"},"done":true},"minecraft:recipes/misc/rib_armor_trim_smithing_template":{"criteria":{"has_rib_armor_trim_smithing_template":"2024-10-13 01:41:44 +0000"},"done":true},"minecraft:nether/obtain_blaze_rod":{"criteria":{"blaze_rod":"2024-10-13 01:42:49 +0000"},"done":true},"minecraft:recipes/brewing/blaze_powder":{"criteria":{"has_blaze_rod":"2024-10-13 01:42:49 +0000"},"done":true},"minecraft:recipes/brewing/brewing_stand":{"criteria":{"has_blaze_rod":"2024-10-13 01:42:49 +0000"},"done":true},"minecraft:recipes/food/baked_potato_from_campfire_cooking":{"criteria":{"has_potato":"2024-10-13 01:49:00 +0000"},"done":true},"minecraft:recipes/food/baked_potato_from_smoking":{"criteria":{"has_potato":"2024-10-13 01:49:00 +0000"},"done":true},"minecraft:recipes/food/baked_potato":{"criteria":{"has_potato":"2024-10-13 01:49:00 +0000"},"done":true},"minecraft:recipes/misc/red_dye_from_poppy":{"criteria":{"has_poppy":"2024-10-13 05:11:20 +0000"},"done":true},"minecraft:adventure/totem_of_undying":{"criteria":{"used_totem":"2024-10-13 05:10:51 +0000"},"done":true},"DataVersion":3955}